Trait	nSNP	overall_p	mscomp	First_Author	Year	Reference	Trait_ID_2.0	Trait_long	Trait_class	N0	N1	N	Population	FDR.overall
20002_1065_PanUKBB_PanUKBBR2_1	1661	2.44568482960045e-18	PC8 (1e-15)	PanUKBB	2022	PanUKBBR2	20002_1065	Hypertension (UKBB)	OTH	325698	115530	441228	Trans-ethnic (CSA,EUR)	7.01911546095329e-16
20002_1111_PanUKBB_PanUKBBR2_1	1661	1.29642960758557e-160	PC5 (8e-140)	PanUKBB	2022	PanUKBBR2	20002_1111	Asthma (UKBB)	IMD	389965	51263	441228	Trans-ethnic (AFR,CSA,EUR)	3.27996690719149e-158
20002_1220_PanUKBB_PanUKBBR2_1	1661	3.49880564922619e-08	PC14 (6e-05)	PanUKBB	2022	PanUKBBR2	20002_1220	Diabetes (UKBB)	OTH	421391	18857	440248	Trans-ethnic (AFR,CSA,EAS,EUR,MID)	3.34719073775972e-06
20002_1226_PanUKBB_PanUKBBR2_1	1661	2.71428429659681e-28	PC8 (8e-14)	PanUKBB	2022	PanUKBBR2	20002_1226	Hypothyroidism/Myxoedema (UKBB)	IMD	414705	21241	435946	Trans-ethnic (CSA,EUR)	5.72261605865827e-27
20002_1374_PanUKBB_PanUKBBR2_1	1661	0.000774729919130026	PC5 (7e-06)	PanUKBB	2022	PanUKBBR2	20002_1374	Allergy/Hypersensitivity/Anaphylaxis (UKBB)	IMD	417480	2993	420473	European (EUR)	0.00502581203948453
20002_1387_PanUKBB_PanUKBBR2_1	1661	1.02980373716877e-39	PC5 (2e-35)	PanUKBB	2022	PanUKBBR2	20002_1387	Hayfever/Allergic Rhinitis (UKBB)	IMD	416137	25091	441228	Trans-ethnic (AFR,AMR,CSA,EAS,EUR,MID)	3.72200493576713e-38
20002_1417_PanUKBB_PanUKBBR2_1	1661	7.62494385718578e-13	PC5 (3e-16)	PanUKBB	2022	PanUKBBR2	20002_1417	Nasal Polyps (UKBB)	IMD	418630	1843	420473	European (EUR)	1.07172821992667e-11
20002_1451_PanUKBB_PanUKBBR2_1	1661	7.69678055871604e-05	PC2 (6e-05)	PanUKBB	2022	PanUKBBR2	20002_1451	Hereditary/Genetic Haematological Disorder (UKBB)	OTH	420107	366	420473	European (EUR)	0.00441795204070301
20002_1466_PanUKBB_PanUKBBR2_1	1661	9.19793703645855e-10	PC13 (4e-05)	PanUKBB	2022	PanUKBBR2	20002_1466	Gout (UKBB)	IMD	423213	6109	429322	Trans-ethnic (CSA,EUR)	9.30831228089605e-09
20002_1473_PanUKBB_PanUKBBR2_1	1661	1.01206661288539e-31	PC13 (7e-10)	PanUKBB	2022	PanUKBBR2	20002_1473	High Cholesterol (UKBB)	OTH	386547	54681	441228	Trans-ethnic (AFR,AMR,CSA,EAS,EUR,MID)	1.16185247159243e-28
AGRP_Folkersen_33067605_1	1661	2.82921816333248e-05	PC4 (1e-04)	Folkersen	2020	33067605	AGRP	Agouti-related protein (AGRP) levels	BMK	21758	0	21758	European	0.000161487958086843
AITD_Saevarsdottir_32581359_1	1612	1.98893599721145e-35	PC8 (4e-19)	Saevarsdottir	2020	32581359	AITD	Autoimmune Thyroid disease	IMD	725172	30234	755406	European (Iceland + UK)	5.59112008104996e-34
ALAAT_SinnottArmstrong_33462484_1	1640	1.01699030474929e-50	PC10 (1e-15)	SinnottArmstrong	2021	33462484	ALAAT	Alanine aminotransferase levels	BMK	363054	0	363054	Trans-ethnic	1.435086318924e-49
ALB_SinnottArmstrong_33462484_1	1640	2.13709100176538e-54	PC5 (5e-18)	SinnottArmstrong	2021	33462484	ALB	Albumin levels	BMK	331979	0	331979	Trans-ethnic	3.14845948181893e-53
ALCPHOS_SinnottArmstrong_33462484_1	1640	5.32919387453114e-87	PC8 (8e-63)	SinnottArmstrong	2021	33462484	ALCPHOS	Alkaline phosphatase levels	BMK	363228	0	363228	Trans-ethnic	1.42485815171675e-85
APOA_SinnottArmstrong_33462484_1	1640	3.54135490366675e-27	PC13 (5e-09)	SinnottArmstrong	2021	33462484	APOA	Apolipoprotein A levels	BMK	330515	0	330515	Trans-ethnic	3.45963132896675e-26
APOB_SinnottArmstrong_33462484_1	1640	4.7760812439453e-62	PC1 (3e-29)	SinnottArmstrong	2021	33462484	APOB	Apolipoprotein B levels	BMK	361372	0	361372	Trans-ethnic	8.36637679973866e-61
ASPAT_SinnottArmstrong_33462484_1	1640	2.92805322694471e-29	PC7 (8e-13)	SinnottArmstrong	2021	33462484	ASPAT	Aspartate aminotransferase levels	BMK	361854	0	361854	Trans-ethnic	2.91657066527042e-28
AST2ALT_SinnottArmstrong_33462484_1	1640	4.74114415413319e-36	PC10 (2e-20)	SinnottArmstrong	2021	33462484	AST2ALT	AST to ALT ratio levels	BMK	361764	0	361764	Trans-ethnic	5.47386643249923e-35
ASTAO_Ferreira_30929738_1	1651	1.07621492596946e-94	PC5 (9e-88)	Ferreira	2019	30929738	ASTAO	Adult-onset Asthma	IMD	300671	26582	327253	European	9.07607920900911e-93
ASTCO_Ferreira_30929738_1	1651	2.00597650046038e-111	PC5 (2e-99)	Ferreira	2019	30929738	ASTCO	Childhood-onset Asthma	IMD	300671	13962	314633	European	2.53756027308238e-109
ASTER_Ferreira_29083406_1	1661	2.11929503395013e-30	PC5 (4e-32)	Ferreira	2017	29083406	ASTER	Asthma and/or Eczema and/or Rhinitis	IMD	34934	83335	118269	European	4.8743785780853e-29
AST_Demenais_29273806_1	1661	3.11184816298118e-40	PC5 (4e-39)	Demenais	2018	29273806	AST	Asthma	IMD	107715	19954	127669	European	1.31216264205706e-38
AST_Demenais_29273806_2	1661	1.2365131895782e-43	PC5 (5e-42)	Demenais	2018	29273806	AST	Asthma	IMD	118538	23948	142486	Trans-ethnic (European + Asian + African + Hispanic/Latin American)	6.25675673926569e-42
AST_Moffatt_20860503_1	1511	2.9706132729425e-14	PC5 (5e-18)	Moffatt	2010	20860503	AST	Asthma	IMD	16110	10365	26475	European	4.42097151796737e-13
BASC_Chen_32888493_2	1661	0	PC2 (0e+00)	Chen	2020	32888493	BASC	Basophil count	BC	522680	0	522680	European (Inc. UKBB)	0
BASC_Chen_32888493_5	1661	0	PC2 (0e+00)	Chen	2020	32888493	BASC	Basophil count	BC	626345	0	626345	Trans-ethnic (EUR, AFR, EAS, SAS, HA)	0
BASC_Chen_32888493_6	1661	1.46612299749225e-51	PC6 (2e-17)	Chen	2020	32888493	BASC	Basophil count	BC	626345	0	626345	Trans-ethnic (EUR, AFR, EAS, SAS, HA)	2.104595915755e-51
BASC_Ferreira_19853236_1	1332	0.00390801963310101	PC11 (7e-03)	Ferreira	2009	19853236	BASC	Basophil count	BC	6015	0	6015	European (Dutch + Australian)	0.00404434589937198
BASC_Kanai_29403010_1	1515	1.34079329901235e-37	PC11 (5e-14)	Kanai	2018	29403010	BASC	Basophil count	BC	62076	0	62076	East Asian (Japanese)	1.85008687770696e-37
BASC_Sakaue_doi1011012020102320213652_1	1562	2.70291906125179e-12	PC11 (4e-02)	Sakaue	2021	doi1011012020102320213652	BASC	Basophil count	BC	91908	0	91908	East Asian (Japanese)	3.12415320066765e-12
BASC_Vuckovic_32888494_1	1661	0	PC2 (0e+00)	Vuckovic	2020	32888494	BASC	Basophil count	BC	408112	0	408112	European (UK, UKBB)	0
BASPL_Vuckovic_32888494_1	1661	0	PC11 (0e+00)	Vuckovic	2020	32888494	BASPL	Basophil percentage of Leukocytes	BC	408112	0	408112	European (UK, UKBB)	0
BILD_SinnottArmstrong_33462484_1	1640	1.38281003526101e-162	PC7 (2e-88)	SinnottArmstrong	2021	33462484	BILD	Direct bilirubin levels	BMK	308695	0	308695	Trans-ethnic	8.78084372390742e-161
BIL_Sakaue_doi1011012020102320213652_1	1562	2.89526759161117e-09	PC7 (5e-06)	Sakaue	2021	doi1011012020102320213652	BIL	Total Bilirubin levels	BMK	124341	0	124341	East Asian (Japanese)	2.19521781572907e-08
BIL_SinnottArmstrong_33462484_1	1640	0	PC7 (2e-190)	SinnottArmstrong	2021	33462484	BIL	Total Bilirubin levels	BMK	361681	0	361681	Trans-ethnic	0
CALC_Sakaue_doi1011012020102320213652_1	1561	0.000663444577549491	PC10 (3e-02)	Sakaue	2021	doi1011012020102320213652	CALC	Calcium levels	BMK	83980	0	83980	East Asian (Japanese)	0.00314981163920693
CALC_SinnottArmstrong_33462484_1	1640	1.54207286794154e-107	PC8 (2e-46)	SinnottArmstrong	2021	33462484	CALC	Calcium levels	BMK	332355	0	332355	Trans-ethnic	5.59552154938787e-106
CD3TC_Ferreira_20045101_1	1645	2.91234004582893e-07	PC8 (1e-07)	Ferreira	2010	20045101	CD3TC	CD3+ T-lymphocyte count	BC	2538	0	2538	European (Australian)	3.14179714034879e-07
CD40L_Folkersen_33067605_1	1661	2.57446356170337e-05	PC8 (7e-05)	Folkersen	2020	33067605	CD40L	CD40 ligand (CD154) levels	BMK	21758	0	21758	European	0.000148616760152876
CD4TC_Ferreira_20045101_1	1645	1.13022465547631e-05	PC8 (3e-06)	Ferreira	2010	20045101	CD4TC	CD4+ T-lymphocyte count	BC	2538	0	2538	European (Australian)	1.20467059086697e-05
CD8TC_Ferreira_20045101_1	1645	0.000944278056701743	PC8 (2e-05)	Ferreira	2010	20045101	CD8TC	CD8+ T-lymphocyte count	BC	2538	0	2538	European (Australian)	0.000988714671134766
CD_Brant_27693347_1	1651	0.00157824726871969	PC9 (4e-05)	Brant	2017	27693347	CD	Crohn's Disease	IMD	5002	1646	6648	African (African Americans)	0.00950706092824004
CD_DeLange_28067908_1	1661	9.76132313193372e-33	PC2 (3e-17)	DeLange	2017	28067908	CD	Crohn's Disease	IMD	28072	12194	40266	European	2.46961475237923e-31
CD_Liu_26192919_1	1656	9.43247009631777e-16	PC2 (2e-08)	Liu	2015	26192919	CD	Crohn's Disease	IMD	14957	5956	20913	European	1.49150933398025e-14
CEL_Dubois_20190752_1	1661	0.00140583155570731	PC5 (3e-05)	Dubois	2010	20190752	CEL	Celiac Disease	IMD	10750	4533	15283	European	0.00867500935594999
CHOL_SinnottArmstrong_33462484_1	1640	1.5139062642352e-56	PC1 (3e-21)	SinnottArmstrong	2021	33462484	CHOL	Cholesterol levels	BMK	363194	0	363194	Trans-ethnic	2.33049812797419e-55
CORV_Chen_32888493_1	1661	4.66157457576685e-28	PC1 (3e-18)	Chen	2020	32888493	CORV	Mean corpuscular volume	BC	7634	0	7634	African	6.1463724036037e-28
CORV_Chen_32888493_2	1661	0	PC1 (0e+00)	Chen	2020	32888493	CORV	Mean corpuscular volume	BC	595365	0	595365	European (Inc. UKBB)	0
CORV_Chen_32888493_4	1660	5.92174529296073e-71	PC1 (2e-30)	Chen	2020	32888493	CORV	Mean corpuscular volume	BC	9298	0	9298	Latin American (Hispanic American / Latinos)	8.85773665669756e-71
CORV_Chen_32888493_5	1661	0	PC1 (0e+00)	Chen	2020	32888493	CORV	Mean corpuscular volume	BC	748046	0	748046	Trans-ethnic (EUR, AFR, EAS, SAS, HA)	0
CORV_Chen_32888493_6	1661	0	PC1 (0e+00)	Chen	2020	32888493	CORV	Mean corpuscular volume	BC	748046	0	748046	Trans-ethnic (EUR, AFR, EAS, SAS, HA)	0
CORV_Ferreira_19853236_1	1332	6.0203040196449e-49	PC7 (4e-24)	Ferreira	2009	19853236	CORV	Mean corpuscular volume	BC	6015	0	6015	European (Dutch + Australian)	8.50487393251422e-49
CORV_Kanai_29403010_1	1515	0	PC1 (8e-192)	Kanai	2018	29403010	CORV	Mean corpuscular volume	BC	108256	0	108256	East Asian (Japanese)	0
CORV_Sakaue_doi1011012020102320213652_1	1562	0	PC7 (1e-133)	Sakaue	2021	doi1011012020102320213652	CORV	Mean corpuscular volume	BC	129832	0	129832	East Asian (Japanese)	0
CORV_Vuckovic_32888494_1	1661	0	PC1 (0e+00)	Vuckovic	2020	32888494	CORV	Mean corpuscular volume	BC	408112	0	408112	European (UK, UKBB)	0
CREAP_SinnottArmstrong_33462484_1	1640	6.16827208154141e-115	PC2 (2e-72)	SinnottArmstrong	2021	33462484	CREAP	C-reactive protein levels	BMK	362443	0	362443	Trans-ethnic	2.41037093647926e-113
CREAT_SinnottArmstrong_33462484_1	1640	3.40959456929462e-25	PC8 (6e-19)	SinnottArmstrong	2021	33462484	CREAT	Creatinine levels	BMK	363070	0	363070	Trans-ethnic	3.14922552945758e-24
CSTC_SinnottArmstrong_33462484_1	1640	2.16921420991462e-54	PC8 (4e-30)	SinnottArmstrong	2021	33462484	CSTC	Cystatin C levels	BMK	363090	0	363090	Trans-ethnic	3.14845948181893e-53
CTSD_Folkersen_33067605_1	1661	0.000245000338473421	PC8 (6e-05)	Folkersen	2020	33067605	CTSD	Cathepsin D levels	BMK	21758	0	21758	European	0.00125717345398483
CX3CL1_Folkersen_33067605_1	1661	0.00108231290147385	PC8 (7e-05)	Folkersen	2020	33067605	CX3CL1	Fractalkine, chemokine (C-X3-C motif) ligand 1 (CX3CL1) levels	BMK	21758	0	21758	European	0.00504417388943776
CXCL6_Folkersen_33067605_1	1661	9.38853567829562e-06	PC3 (8e-05)	Folkersen	2020	33067605	CXCL6	C-X-C motif chemokine 6 (CXCL6, CGP-2) levels	BMK	21758	0	21758	European	5.74623629466768e-05
DKK1_Folkersen_33067605_1	1661	2.36164083452966e-15	PC8 (3e-11)	Folkersen	2020	33067605	DKK1	Dickkopf-related protein 1 levels	BMK	21758	0	21758	European	1.93502184506624e-14
ECP_Folkersen_33067605_1	1661	6.53648551478456e-08	PC5 (2e-10)	Folkersen	2020	33067605	ECP	Eosinophil cationic protein levels	BMK	21758	0	21758	European	4.61185366876466e-07
EGFR_SinnottArmstrong_33462484_1	1640	1.24818918579155e-23	PC8 (2e-17)	SinnottArmstrong	2021	33462484	EGFR	Estimated Glomerular Filtration Rate (eGFR) levels	BMK	363070	0	363070	Trans-ethnic	1.11242123926686e-22
EGPAANCAn_Lyons_31719529_1	1659	0.000557952462428553	PC5 (1e-06)	Lyons	2019	31719529	EGPAANCAn	ANCA negative EGPA	IMD	6688	352	7040	European	0.00387175137266155
EGPA_Lyons_31719529_1	1659	3.28617778068149e-07	PC5 (1e-09)	Lyons	2019	31719529	EGPA	Eosinophilic Granulomatosis with Polyangiitis	IMD	6688	534	7222	European	3.1977037635093e-06
ENRAGE_Folkersen_33067605_1	1661	0.000348323478186529	PC2 (2e-06)	Folkersen	2020	33067605	ENRAGE	S100 calcium-binding protein A12 (S100A12, ENRAGE) levels	BMK	21758	0	21758	European	0.00175196363285898
EOPL_Vuckovic_32888494_1	1661	0	PC5 (0e+00)	Vuckovic	2020	32888494	EOPL	Eosinophil percentage of leucocytes	BC	408112	0	408112	European (UK, UKBB)	0
EOSC_Chen_32888493_1	1661	4.63981457525202e-09	PC5 (1e-09)	Chen	2020	32888493	EOSC	Eosinophil count	BC	5061	0	5061	African	5.09806786663494e-09
EOSC_Chen_32888493_2	1661	0	PC5 (0e+00)	Chen	2020	32888493	EOSC	Eosinophil count	BC	524220	0	524220	European (Inc. UKBB)	0
EOSC_Chen_32888493_4	1659	0.00043285941504561	PC8 (8e-05)	Chen	2020	32888493	EOSC	Eosinophil count	BC	2970	0	2970	Latin American (Hispanic American / Latinos)	0.000455911099870524
EOSC_Chen_32888493_5	1661	0	PC5 (0e+00)	Chen	2020	32888493	EOSC	Eosinophil count	BC	633846	0	633846	Trans-ethnic (EUR, AFR, EAS, SAS, HA)	0
EOSC_Chen_32888493_6	1661	8.4426195534773e-218	PC5 (8e-174)	Chen	2020	32888493	EOSC	Eosinophil count	BC	633846	0	633846	Trans-ethnic (EUR, AFR, EAS, SAS, HA)	1.41772290614996e-217
EOSC_Ferreira_19853236_1	1332	1.52850725366924e-15	PC5 (4e-11)	Ferreira	2009	19853236	EOSC	Eosinophil count	BC	6015	0	6015	European (Dutch + Australian)	1.80181649770281e-15
EOSC_Kanai_29403010_1	1515	5.28129621918073e-45	PC5 (3e-36)	Kanai	2018	29403010	EOSC	Eosinophil count	BC	62076	0	62076	East Asian (Japanese)	7.3443025547982e-45
EOSC_Sakaue_doi1011012020102320213652_1	1562	2.04400231797628e-08	PC5 (3e-03)	Sakaue	2021	doi1011012020102320213652	EOSC	Eosinophil count	BC	93063	0	93063	East Asian (Japanese)	2.23210069079618e-08
EOSC_Vuckovic_32888494_1	1661	0	PC5 (0e+00)	Vuckovic	2020	32888494	EOSC	Eosinophil count	BC	408112	0	408112	European (UK, UKBB)	0
ERYC_Ferreira_19853236_1	1332	1.33952336055136e-18	PC10 (2e-12)	Ferreira	2009	19853236	ERYC	Erythrocyte count	BC	6015	0	6015	European (Dutch + Australian)	1.65579970957043e-18
ERYC_Kanai_29403010_1	1515	1.12000871749604e-278	PC10 (2e-123)	Kanai	2018	29403010	ERYC	Erythrocyte count	BC	108794	0	108794	East Asian (Japanese)	1.95452501680682e-278
GGT_SinnottArmstrong_33462484_1	1640	8.00848566583424e-61	PC5 (7e-27)	SinnottArmstrong	2021	33462484	GGT	γ-glutamyl transpeptidase levels	BMK	363026	0	363026	Trans-ethnic	1.35610357274793e-59
GLU_SinnottArmstrong_33462484_1	1640	2.82272014187795e-29	PC8 (2e-12)	SinnottArmstrong	2021	33462484	GLU	Glucose levels	BMK	332079	0	332079	Trans-ethnic	2.867883664148e-28
GROA_AholaOlli_27989323_1	1660	0.000184381952372279	PC11 (6e-04)	AholaOlli	2017	27989323	GROA	C-X-C motif chemokine, Growth regulated oncogene-α (CXCL1, GROa) levels	BMK	3505	0	3505	European (Finnish)	0.000955775834746099
GROA_Folkersen_33067605_1	1661	6.22985325297535e-07	PC3 (2e-07)	Folkersen	2020	33067605	GROA	C-X-C motif chemokine, Growth regulated oncogene-α (CXCL1, GROa) levels	BMK	21758	0	21758	European	4.2196872700153e-06
HBA1C_Sakaue_doi1011012020102320213652_1	1562	1.14469243637009e-08	PC12 (1e-02)	Sakaue	2021	doi1011012020102320213652	HBA1C	Glycated Hemoglobin (HbA1c) levels	BMK	71221	0	71221	East Asian (Japanese)	8.30719653822865e-08
HBA1C_SinnottArmstrong_33462484_1	1640	0	PC7 (0e+00)	SinnottArmstrong	2021	33462484	HBA1C	Glycated Hemoglobin (HbA1c) levels	BMK	345814	0	345814	Trans-ethnic	0
HBC_Chen_32888493_1	1661	8.18459187342565e-10	PC10 (6e-11)	Chen	2020	32888493	HBC	Hemoglobin concentration	BC	8545	0	8545	African	9.10535845918604e-10
HBC_Chen_32888493_2	1661	0	PC7 (0e+00)	Chen	2020	32888493	HBC	Hemoglobin concentration	BC	618542	0	618542	European (Inc. UKBB)	0
HBC_Chen_32888493_4	1660	1.49793829195426e-25	PC10 (3e-17)	Chen	2020	32888493	HBC	Hemoglobin concentration	BC	9302	0	9302	Latin American (Hispanic American / Latinos)	1.96053688211661e-25
HBC_Chen_32888493_5	1661	0	PC7 (0e+00)	Chen	2020	32888493	HBC	Hemoglobin concentration	BC	801305	0	801305	Trans-ethnic (EUR, AFR, EAS, SAS, HA)	0
HBC_Ferreira_19853236_1	1332	1.25590861106714e-20	PC10 (9e-15)	Ferreira	2009	19853236	HBC	Hemoglobin concentration	BC	6015	0	6015	European (Dutch + Australian)	1.60828584726583e-20
HBC_Kanai_29403010_1	1515	3.77546008212474e-96	PC10 (3e-55)	Kanai	2018	29403010	HBC	Hemoglobin concentration	BC	108769	0	108769	East Asian (Japanese)	5.89501661945793e-96
HBC_Sakaue_doi1011012020102320213652_1	1562	5.97119553300014e-83	PC7 (8e-20)	Sakaue	2021	doi1011012020102320213652	HBC	Hemoglobin concentration	BC	152447	0	152447	East Asian (Japanese)	9.16269659374159e-83
HBC_Vuckovic_32888494_1	1661	0	PC7 (0e+00)	Vuckovic	2020	32888494	HBC	Hemoglobin concentration	BC	408112	0	408112	European (UK, UKBB)	0
HBEGF_Folkersen_33067605_1	1661	1.65025505450826e-17	PC8 (6e-10)	Folkersen	2020	33067605	HBEGF	Proheparin-binding EGF-like growth factor (HB-EGF) levels	BMK	21758	0	21758	European	1.37431076670524e-16
HDL_SinnottArmstrong_33462484_1	1640	8.85969080541978e-77	PC8 (1e-27)	SinnottArmstrong	2021	33462484	HDL	HDL cholesterol levels	BMK	332323	0	332323	Trans-ethnic	2.04578314961511e-75
HEMAT_Chen_32888493_1	1661	1.60889039038525e-10	PC10 (1e-13)	Chen	2020	32888493	HEMAT	Hematocrit	BC	8546	0	8546	African	1.80114773263254e-10
HEMAT_Chen_32888493_2	1661	0	PC7 (0e+00)	Chen	2020	32888493	HEMAT	Hematocrit	BC	613309	0	613309	European (Inc. UKBB)	0
HEMAT_Chen_32888493_4	1660	2.94615139813845e-24	PC10 (3e-21)	Chen	2020	32888493	HEMAT	Hematocrit	BC	9301	0	9301	Latin American (Hispanic American / Latinos)	3.82784634210689e-24
HEMAT_Chen_32888493_5	1661	0	PC7 (0e+00)	Chen	2020	32888493	HEMAT	Hematocrit	BC	788797	0	788797	Trans-ethnic (EUR, AFR, EAS, SAS, HA)	0
HEMAT_Chen_32888493_6	1661	1.64554931058743e-181	PC10 (2e-157)	Chen	2020	32888493	HEMAT	Hematocrit	BC	788797	0	788797	Trans-ethnic (EUR, AFR, EAS, SAS, HA)	2.68722731453727e-181
HEMAT_Ferreira_19853236_1	1332	8.52663381927676e-18	PC10 (2e-20)	Ferreira	2009	19853236	HEMAT	Hematocrit	BC	6015	0	6015	European (Dutch + Australian)	1.03954850673374e-17
HEMAT_Sakaue_doi1011012020102320213652_1	1562	5.91297406437147e-79	PC10 (1e-08)	Sakaue	2021	doi1011012020102320213652	HEMAT	Hematocrit	BC	153015	0	153015	East Asian (Japanese)	8.99580669622326e-79
HEMAT_Vuckovic_32888494_1	1661	0	PC7 (0e+00)	Vuckovic	2020	32888494	HEMAT	Hematocrit	BC	408112	0	408112	European (UK, UKBB)	0
HGF_Folkersen_33067605_1	1661	9.36771386012556e-07	PC8 (2e-06)	Folkersen	2020	33067605	HGF	Hepatocyte growth factor (HGF, SF) levels	BMK	21758	0	21758	European	6.18025797525167e-06
HGF_Reales_up_1	1660	0.00179642745903398	PC8 (2e-06)	Reales	2020	up	HGF	Hepatocyte growth factor (HGF, SF) levels	BMK	9216	0	9216	European (Finnish + Swedish)	0.00807597477158639
HSP27_Folkersen_33067605_1	1661	7.08528731674827e-09	PC3 (1e-12)	Folkersen	2020	33067605	HSP27	Heat shock 27 kDa protein levels	BMK	21758	0	21758	European	5.29312640721783e-08
IBD_DeLange_28067908_1	1661	3.011065579368e-26	PC2 (1e-13)	DeLange	2017	28067908	IBD	Inflammatory Bowel Disease	IMD	34915	25042	59957	European	5.85999685830849e-25
IBD_Liu_26192919_1	1656	1.99063270575167e-12	PC2 (3e-07)	Liu	2015	26192919	IBD	Inflammatory Bowel Disease	IMD	21770	12882	34652	European	2.65068460292196e-11
IGAD_Bronson_27723758_1	1659	0.000274521507590514	PC5 (9e-05)	Bronson	2016	27723758	IGAD	IgA deficiency	IMD	4852	1635	6487	European	0.00204276298295294
IGF1_SinnottArmstrong_33462484_1	1640	7.57130990651293e-33	PC8 (2e-16)	SinnottArmstrong	2021	33462484	IGF1	Insulin-like growth factor 1 (IGF-1) levels	BMK	361107	0	361107	Trans-ethnic	7.84943965818075e-32
IL10_AholaOlli_27989323_1	1660	0.000122469689457928	PC13 (2e-03)	AholaOlli	2017	27989323	IL10	Interleukin-10 (IL10, CSIF) levels	BMK	7681	0	7681	European (Finnish)	0.000641387652006468
IL10_Reales_up_1	1660	0.000877509607856037	PC9 (4e-03)	Reales	2020	up	IL10	Interleukin-10 (IL10, CSIF) levels	BMK	4555	0	4555	European (Finnish + Swedish)	0.00412754519250803
IL12_AholaOlli_27989323_1	1660	0.000525714736011661	PC13 (1e-03)	AholaOlli	2017	27989323	IL12	Interleukin-12 (IL-12) levels	BMK	8270	0	8270	European (Finnish)	0.00254345796089451
IL16_Folkersen_33067605_1	1661	1.55452621009437e-06	PC8 (2e-04)	Folkersen	2020	33067605	IL16	Interleukin-16 (IL16) levels	BMK	21758	0	21758	European	1.01243501888197e-05
IL18_Folkersen_33067605_1	1661	2.54494061816015e-05	PC8 (9e-08)	Folkersen	2020	33067605	IL18	Interleukin-18 (IL18) levels	BMK	21758	0	21758	European	0.000148601130347742
IL1RA_Folkersen_33067605_1	1661	0.000100015873658129	PC2 (1e-04)	Folkersen	2020	33067605	IL1RA	Interleukin-1 receptor antagonist (IL1ra) levels	BMK	21758	0	21758	European	0.000529250664774266
IL27_Folkersen_33067605_1	1661	0.000384027793235822	PC8 (1e-04)	Folkersen	2020	33067605	IL27	Interleukin-27 levels	BMK	21758	0	21758	European	0.00191137805962178
IL6RA_Folkersen_33067605_1	1661	4.22690000834246e-05	PC8 (6e-05)	Folkersen	2020	33067605	IL6RA	Interleukin-6 receptor A subunit (IL6RA) levels	BMK	21758	0	21758	European	0.000233398391764997
IL7_AholaOlli_27989323_1	1660	0.000278741094567268	PC1 (2e-03)	AholaOlli	2017	27989323	IL7	Interleukin-7 (IL7) levels	BMK	3409	0	3409	European (Finnish)	0.00141600476040172
IL7_Reales_up_1	1660	0.00151407641669193	PC1 (6e-03)	Reales	2020	up	IL7	Interleukin-7 (IL7) levels	BMK	4210	0	4210	European (Finnish + Swedish)	0.00699228017890455
IL8_AholaOlli_27989323_1	1660	0.00063655499893783	PC2 (6e-03)	AholaOlli	2017	27989323	IL8	Interleukin-8 (IL8, CXCL8)  levels	BMK	3526	0	3526	European (Finnish)	0.00305065980623036
IL8_Folkersen_33067605_1	1661	2.15728256278871e-05	PC11 (1e-04)	Folkersen	2020	33067605	IL8	Interleukin-8 (IL8, CXCL8)  levels	BMK	21758	0	21758	European	0.00012743017929031
JIA_LopezIsac_33106285_1	1661	1.19388083397215e-06	PC5 (2e-06)	LopezIsac	2021	33106285	JIA	Juvenile Idiopathic Arthritis	IMD	9196	3305	12501	European (UK)	1.11871055924057e-05
LADA_Cousminer_30254083_1	1658	9.38989780691474e-05	PC8 (1e-03)	Cousminer	2018	30254083	LADA	Latent Autoimmune Diabetes in Adults	IMD	5947	2634	8581	European	0.000819187636258424
LB19C_Ferreira_20045101_1	1645	0.00185930323780629	PC9 (1e-03)	Ferreira	2010	20045101	LB19C	CD19+ B-lymphocyte count	BC	2538	0	2538	European (Australian)	0.0019354150662545
LDLD_SinnottArmstrong_33462484_1	1640	1.79907547521684e-47	PC1 (8e-23)	SinnottArmstrong	2021	33462484	LDLD	LDL cholesterol levels	BMK	362516	0	362516	Trans-ethnic	2.47008200381123e-46
LEUC_Chen_32888493_1	1661	6.84641883756861e-08	PC11 (1e-05)	Chen	2020	32888493	LEUC	Leukocyte/ White blood cell count	BC	8476	0	8476	African	7.43086922614154e-08
LEUC_Chen_32888493_2	1661	0	PC2 (0e+00)	Chen	2020	32888493	LEUC	Leukocyte/ White blood cell count	BC	613418	0	613418	European (Inc. UKBB)	0
LEUC_Chen_32888493_4	1660	1.04369210780119e-32	PC2 (1e-24)	Chen	2020	32888493	LEUC	Leukocyte/ White blood cell count	BC	9370	0	9370	Latin American (Hispanic American / Latinos)	1.40740299385312e-32
LEUC_Chen_32888493_5	1661	0	PC2 (0e+00)	Chen	2020	32888493	LEUC	Leukocyte/ White blood cell count	BC	798128	0	798128	Trans-ethnic (EUR, AFR, EAS, SAS, HA)	0
LEUC_Chen_32888493_6	1661	0	PC2 (3e-282)	Chen	2020	32888493	LEUC	Leukocyte/ White blood cell count	BC	798128	0	798128	Trans-ethnic (EUR, AFR, EAS, SAS, HA)	0
LEUC_Ferreira_19853236_1	1332	3.65582768508471e-18	PC2 (4e-16)	Ferreira	2009	19853236	LEUC	Leukocyte/ White blood cell count	BC	6015	0	6015	European (Dutch + Australian)	4.48784364100054e-18
LEUC_Kanai_29403010_1	1515	4.45655922732448e-146	PC2 (6e-87)	Kanai	2018	29403010	LEUC	Leukocyte/ White blood cell count	BC	107964	0	107964	East Asian (Japanese)	7.21152311330689e-146
LEUC_Sakaue_doi1011012020102320213652_1	1562	4.52266969841423e-73	PC11 (1e-08)	Sakaue	2021	doi1011012020102320213652	LEUC	Leukocyte/ White blood cell count	BC	154355	0	154355	East Asian (Japanese)	6.82233225692994e-73
LEUC_Vuckovic_32888494_1	1661	0	PC2 (0e+00)	Vuckovic	2020	32888494	LEUC	Leukocyte/ White blood cell count	BC	408112	0	408112	European (UK, UKBB)	0
LOX1_Folkersen_33067605_1	1661	2.56533732406429e-20	PC2 (1e-19)	Folkersen	2020	33067605	LOX1	Lectin-like oxidized LDL receptor 1 (LOX1) levels	BMK	21758	0	21758	European	2.24688165624941e-19
LYMC_Chen_32888493_1	1661	1.08990943975168e-10	PC9 (1e-08)	Chen	2020	32888493	LYMC	Lymphocyte Count	BC	6910	0	6910	African	1.22787265997341e-10
LYMC_Chen_32888493_2	1661	0	PC8 (0e+00)	Chen	2020	32888493	LYMC	Lymphocyte Count	BC	573584	0	573584	European (Inc. UKBB)	0
LYMC_Chen_32888493_4	1660	1.06077933277981e-15	PC9 (5e-16)	Chen	2020	32888493	LYMC	Lymphocyte Count	BC	7545	0	7545	Latin American (Hispanic American / Latinos)	1.25879147489871e-15
LYMC_Chen_32888493_5	1661	0	PC8 (0e+00)	Chen	2020	32888493	LYMC	Lymphocyte Count	BC	692006	0	692006	Trans-ethnic (EUR, AFR, EAS, SAS, HA)	0
LYMC_Chen_32888493_6	1661	1.11253742360432e-308	PC9 (4e-193)	Chen	2020	32888493	LYMC	Lymphocyte Count	BC	692006	0	692006	Trans-ethnic (EUR, AFR, EAS, SAS, HA)	1.11253780048556e-308
LYMC_Ferreira_19853236_1	1332	3.11774947849108e-12	PC8 (8e-11)	Ferreira	2009	19853236	LYMC	Lymphocyte Count	BC	6015	0	6015	European (Dutch + Australian)	3.58038327207363e-12
LYMC_Kanai_29403010_1	1515	3.37535245333165e-56	PC9 (4e-33)	Kanai	2018	29403010	LYMC	Lymphocyte Count	BC	62076	0	62076	East Asian (Japanese)	4.96539451812425e-56
LYMC_Sakaue_doi1011012020102320213652_1	1562	1.43388225343523e-28	PC9 (3e-09)	Sakaue	2021	doi1011012020102320213652	LYMC	Lymphocyte Count	BC	95717	0	95717	East Asian (Japanese)	1.9047092620259e-28
LYMC_Vuckovic_32888494_1	1661	0	PC8 (0e+00)	Vuckovic	2020	32888494	LYMC	Lymphocyte Count	BC	408112	0	408112	European (UK, UKBB)	0
LYMPL_Vuckovic_32888494_1	1661	0	PC2 (0e+00)	Vuckovic	2020	32888494	LYMPL	Lymphocyte percentage of Leukocytes	BC	408112	0	408112	European (UK, UKBB)	0
MCHC_Chen_32888493_1	1661	4.24835214780301e-05	PC7 (6e-08)	Chen	2020	32888493	MCHC	Mean corpuscular hemoglobin concentration	BC	6180	0	6180	African	4.5012302518389e-05
MCHC_Chen_32888493_2	1661	0	PC7 (0e+00)	Chen	2020	32888493	MCHC	Mean corpuscular hemoglobin concentration	BC	541933	0	541933	European (Inc. UKBB)	0
MCHC_Chen_32888493_4	1659	6.53364517752095e-06	PC7 (4e-06)	Chen	2020	32888493	MCHC	Mean corpuscular hemoglobin concentration	BC	3518	0	3518	Latin American (Hispanic American / Latinos)	7.00595687710078e-06
MCHC_Chen_32888493_5	1661	0	PC7 (0e+00)	Chen	2020	32888493	MCHC	Mean corpuscular hemoglobin concentration	BC	692483	0	692483	Trans-ethnic (EUR, AFR, EAS, SAS, HA)	0
MCHC_Chen_32888493_6	1661	5.80955263754132e-254	PC7 (2e-120)	Chen	2020	32888493	MCHC	Mean corpuscular hemoglobin concentration	BC	692483	0	692483	Trans-ethnic (EUR, AFR, EAS, SAS, HA)	9.848574947451e-254
MCHC_Ferreira_19853236_1	1332	1.62472741758908e-16	PC7 (4e-11)	Ferreira	2009	19853236	MCHC	Mean corpuscular hemoglobin concentration	BC	6015	0	6015	European (Dutch + Australian)	1.94094953242185e-16
MCHC_Kanai_29403010_1	1515	2.2119180917142e-129	PC7 (3e-92)	Kanai	2018	29403010	MCHC	Mean corpuscular hemoglobin concentration	BC	108728	0	108728	East Asian (Japanese)	3.5153698243315e-129
MCHC_Sakaue_doi1011012020102320213652_1	1562	0	PC7 (3e-188)	Sakaue	2021	doi1011012020102320213652	MCHC	Mean corpuscular hemoglobin concentration	BC	135482	0	135482	East Asian (Japanese)	0
MCHC_Vuckovic_32888494_1	1661	0	PC7 (0e+00)	Vuckovic	2020	32888494	MCHC	Mean corpuscular hemoglobin concentration	BC	408112	0	408112	European (UK, UKBB)	0
MCH_Chen_32888493_1	1661	4.95897437803906e-19	PC7 (5e-13)	Chen	2020	32888493	MCH	Mean Corpuscular Hemoglobin	BC	5388	0	5388	African	6.172709365671e-19
MCH_Chen_32888493_2	1661	0	PC1 (0e+00)	Chen	2020	32888493	MCH	Mean Corpuscular Hemoglobin	BC	567054	0	567054	European (Inc. UKBB)	0
MCH_Chen_32888493_4	1659	8.7640824475692e-12	PC7 (6e-12)	Chen	2020	32888493	MCH	Mean Corpuscular Hemoglobin	BC	3518	0	3518	Latin American (Hispanic American / Latinos)	9.93634825265807e-12
MCH_Chen_32888493_5	1661	0	PC1 (0e+00)	Chen	2020	32888493	MCH	Mean Corpuscular Hemoglobin	BC	710291	0	710291	Trans-ethnic (EUR, AFR, EAS, SAS, HA)	0
MCH_Chen_32888493_6	1661	0	PC7 (0e+00)	Chen	2020	32888493	MCH	Mean Corpuscular Hemoglobin	BC	710291	0	710291	Trans-ethnic (EUR, AFR, EAS, SAS, HA)	0
MCH_Ferreira_19853236_1	1332	1.62104061339469e-33	PC7 (7e-26)	Ferreira	2009	19853236	MCH	Mean Corpuscular Hemoglobin	BC	6015	0	6015	European (Dutch + Australian)	2.20263533728439e-33
MCH_Kanai_29403010_1	1515	0	PC7 (6e-268)	Kanai	2018	29403010	MCH	Mean Corpuscular Hemoglobin	BC	108054	0	108054	East Asian (Japanese)	0
MCH_Sakaue_doi1011012020102320213652_1	1562	6.78564766429077e-110	PC7 (2e-60)	Sakaue	2021	doi1011012020102320213652	MCH	Mean Corpuscular Hemoglobin	BC	128028	0	128028	East Asian (Japanese)	1.06888963207412e-109
MCH_Vuckovic_32888494_1	1661	0	PC1 (0e+00)	Vuckovic	2020	32888494	MCH	Mean Corpuscular Hemoglobin	BC	408112	0	408112	European (UK, UKBB)	0
MCP1_Folkersen_33067605_1	1661	0.00039943138396705	PC11 (6e-04)	Folkersen	2020	33067605	MCP1	Monocyte chemotactic protein-1 (CCL2, MCP1) levels	BMK	21758	0	21758	European	0.00195106868322367
MIP1A_Folkersen_33067605_1	1661	0.0020947064004076	PC8 (6e-05)	Folkersen	2020	33067605	MIP1A	Macrophage inflammatory protein-1α (CCL3, MIP1a) levels	BMK	21758	0	21758	European	0.00933142613304141
MIP1B_Folkersen_33067605_1	1661	9.01871442298818e-06	PC3 (2e-04)	Folkersen	2020	33067605	MIP1B	Macrophage inflammatory protein-1β (CCL4, MIP1b) levels	BMK	21758	0	21758	European	5.58720356936341e-05
MLSN_Folkersen_33067605_1	1661	8.27806926086473e-09	PC3 (3e-14)	Folkersen	2020	33067605	MLSN	Melusin (ITGB1BP2) levels	BMK	21758	0	21758	European	6.09457852828882e-08
MMP10_Folkersen_33067605_1	1661	4.95172491917132e-05	PC8 (9e-04)	Folkersen	2020	33067605	MMP10	Matrix metalloproteinase-10 (MMP-10, Stromelysin-2) levels	BMK	21758	0	21758	European	0.000270481318165487
MMP1_Folkersen_33067605_1	1661	2.82066691417324e-09	PC8 (1e-06)	Folkersen	2020	33067605	MMP1	Matrix metalloproteinase-1 (MMP-1) levels	BMK	21758	0	21758	European	2.17105877636365e-08
MONC_Chen_32888493_1	1661	1.55314594320061e-20	PC6 (2e-24)	Chen	2020	32888493	MONC	Monocyte Count	BC	6908	0	6908	African	1.97471412778363e-20
MONC_Chen_32888493_2	1661	0	PC6 (0e+00)	Chen	2020	32888493	MONC	Monocyte Count	BC	570539	0	570539	European (Inc. UKBB)	0
MONC_Chen_32888493_4	1660	2.66496190686587e-35	PC6 (7e-31)	Chen	2020	32888493	MONC	Monocyte Count	BC	7545	0	7545	Latin American (Hispanic American / Latinos)	3.64894784170865e-35
MONC_Chen_32888493_5	1661	0	PC6 (0e+00)	Chen	2020	32888493	MONC	Monocyte Count	BC	688622	0	688622	Trans-ethnic (EUR, AFR, EAS, SAS, HA)	0
MONC_Chen_32888493_6	1661	0	PC6 (0e+00)	Chen	2020	32888493	MONC	Monocyte Count	BC	688622	0	688622	Trans-ethnic (EUR, AFR, EAS, SAS, HA)	0
MONC_Ferreira_19853236_1	1332	2.26906551095843e-20	PC6 (2e-21)	Ferreira	2009	19853236	MONC	Monocyte Count	BC	6015	0	6015	European (Dutch + Australian)	2.86449404929504e-20
MONC_Kanai_29403010_1	1515	7.85155699754444e-132	PC6 (4e-119)	Kanai	2018	29403010	MONC	Monocyte Count	BC	62076	0	62076	East Asian (Japanese)	1.25907850951614e-131
MONC_Sakaue_doi1011012020102320213652_1	1562	1.05083374945964e-64	PC6 (4e-09)	Sakaue	2021	doi1011012020102320213652	MONC	Monocyte Count	BC	95119	0	95119	East Asian (Japanese)	1.55873672836513e-64
MONC_Vuckovic_32888494_1	1661	0	PC6 (0e+00)	Vuckovic	2020	32888494	MONC	Monocyte Count	BC	408112	0	408112	European (UK, UKBB)	0
MONPL_Vuckovic_32888494_1	1661	0	PC2 (0e+00)	Vuckovic	2020	32888494	MONPL	Monocyte percentage of leukocytes	BC	408112	0	408112	European (UK, UKBB)	0
MPO_Folkersen_33067605_1	1661	7.73701546596247e-12	PC6 (2e-08)	Folkersen	2020	33067605	MPO	Myeloperoxidase (MPO) levels	BMK	21758	0	21758	European	6.14125602610771e-11
MSCV_Vuckovic_32888494_1	1661	0	PC1 (0e+00)	Vuckovic	2020	32888494	MSCV	Mean sphered corpuscular volume	BC	408112	0	408112	European (UK, UKBB)	0
MS_IMSGC_31604244_1	1657	0.000252617948339848	PC8 (1e-06)	IMSGC	2019	31604244	MS	Multiple Sclerosis	IMD	68374	47429	115803	European (Multiple countries)	0.00199215499648984
NAP_SinnottArmstrong_33462484_1	1640	7.01363640603321e-139	PC8 (1e-69)	SinnottArmstrong	2021	33462484	NAP	Non-albumin protein levels	BMK	331979	0	331979	Trans-ethnic	3.95880810473874e-137
NEMO_Folkersen_33067605_1	1661	1.4964013602162e-05	PC3 (4e-07)	Folkersen	2020	33067605	NEMO	NF-kappa-B essential modulator levels	BMK	21758	0	21758	European	9.04966536892654e-05
NEPL_Vuckovic_32888494_1	1661	0	PC2 (0e+00)	Vuckovic	2020	32888494	NEPL	Neutrophil percentage of leucocytes	BC	408112	0	408112	European (UK, UKBB)	0
NEUC_Chen_32888493_1	1661	3.61957759451279e-09	PC2 (4e-05)	Chen	2020	32888493	NEUC	Neutrophil Count	BC	6910	0	6910	African	4.00176901753588e-09
NEUC_Chen_32888493_2	1661	0	PC2 (0e+00)	Chen	2020	32888493	NEUC	Neutrophil Count	BC	568209	0	568209	European (Inc. UKBB)	0
NEUC_Chen_32888493_4	1660	2.40805701286399e-23	PC2 (2e-23)	Chen	2020	32888493	NEUC	Neutrophil Count	BC	7545	0	7545	Latin American (Hispanic American / Latinos)	3.10604455282457e-23
NEUC_Chen_32888493_5	1661	0	PC2 (0e+00)	Chen	2020	32888493	NEUC	Neutrophil Count	BC	676109	0	676109	Trans-ethnic (EUR, AFR, EAS, SAS, HA)	0
NEUC_Chen_32888493_6	1661	7.65215197897976e-274	PC2 (5e-211)	Chen	2020	32888493	NEUC	Neutrophil Count	BC	676109	0	676109	Trans-ethnic (EUR, AFR, EAS, SAS, HA)	1.32241073034796e-273
NEUC_Ferreira_19853236_1	1332	1.24641531411415e-17	PC2 (6e-22)	Ferreira	2009	19853236	NEUC	Neutrophil Count	BC	6015	0	6015	European (Dutch + Australian)	1.50926480212462e-17
NEUC_Kanai_29403010_1	1515	3.45318053438429e-86	PC2 (9e-69)	Kanai	2018	29403010	NEUC	Neutrophil Count	BC	62076	0	62076	East Asian (Japanese)	5.34492291409047e-86
NEUC_Sakaue_doi1011012020102320213652_1	1562	3.18006044497515e-51	PC14 (4e-06)	Sakaue	2021	doi1011012020102320213652	NEUC	Neutrophil Count	BC	82810	0	82810	East Asian (Japanese)	4.52840607364461e-51
NEUC_Vuckovic_32888494_1	1661	0	PC2 (0e+00)	Vuckovic	2020	32888494	NEUC	Neutrophil Count	BC	408112	0	408112	European (UK, UKBB)	0
PAPPA_Folkersen_33067605_1	1661	1.87414329853947e-26	PC5 (8e-14)	Folkersen	2020	33067605	PAPPA	Pappalysin-1 (PAPPA) levels	BMK	21758	0	21758	European	1.79634867105293e-25
PAR1_Folkersen_33067605_1	1661	3.7474798005964e-06	PC8 (2e-06)	Folkersen	2020	33067605	PAR1	Proteinase-activated receptor 1 levels	BMK	21758	0	21758	European	2.409771821143e-05
PBC_Cordell_26394269_1	1661	0.000547653200537197	PC8 (3e-05)	Cordell	2015	26394269	PBC	Primary Biliary Cholangitis	IMD	10475	2764	13239	European	0.00387175137266155
PDGFb_Folkersen_33067605_1	1661	5.01034258831451e-20	PC3 (7e-09)	Folkersen	2020	33067605	PDGFb	Platelet-derived growth factor subunit B (PDGFb) levels	BMK	21758	0	21758	European	4.24209005810629e-19
PDGFbb_AholaOlli_27989323_1	1660	6.06046797623433e-06	PC13 (2e-04)	AholaOlli	2017	27989323	PDGFbb	Platelet derived growth factor BB (PDGFbb) levels	BMK	8293	0	8293	European (Finnish)	3.80088608879881e-05
PDW_Vuckovic_32888494_1	1661	0	PC3 (0e+00)	Vuckovic	2020	32888494	PDW	Platelet distribution width	BC	408112	0	408112	European (UK, UKBB)	0
PECAM1_Folkersen_33067605_1	1661	0.000387543189254022	PC3 (4e-05)	Folkersen	2020	33067605	PECAM1	Platelet endothelial cell adhesion molecule (PECAM-1) levels	BMK	21758	0	21758	European	0.00191137805962178
PHOS_SinnottArmstrong_33462484_1	1640	9.23752885787496e-73	PC8 (6e-50)	SinnottArmstrong	2021	33462484	PHOS	Phosphate levels	BMK	331826	0	331826	Trans-ethnic	1.87706586392019e-71
PLACR_Vuckovic_32888494_1	1661	0	PC5 (0e+00)	Vuckovic	2020	32888494	PLACR	Platelet crit	BC	408112	0	408112	European (UK, UKBB)	0
PLAC_Chen_32888493_1	1661	4.26221253290639e-20	PC3 (2e-08)	Chen	2020	32888493	PLAC	Platelet count	BC	8585	0	8585	African	5.34277345674181e-20
PLAC_Chen_32888493_2	1661	0	PC3 (0e+00)	Chen	2020	32888493	PLAC	Platelet count	BC	610713	0	610713	European (Inc. UKBB)	0
PLAC_Chen_32888493_4	1660	4.62466736411101e-56	PC8 (3e-20)	Chen	2020	32888493	PLAC	Platelet count	BC	9367	0	9367	Latin American (Hispanic American / Latinos)	6.74746549845705e-56
PLAC_Chen_32888493_5	1661	0	PC3 (0e+00)	Chen	2020	32888493	PLAC	Platelet count	BC	789371	0	789371	Trans-ethnic (EUR, AFR, EAS, SAS, HA)	0
PLAC_Chen_32888493_6	1661	0	PC3 (2e-234)	Chen	2020	32888493	PLAC	Platelet count	BC	789371	0	789371	Trans-ethnic (EUR, AFR, EAS, SAS, HA)	0
PLAC_Ferreira_19853236_1	1332	1.32974057454161e-29	PC8 (1e-12)	Ferreira	2009	19853236	PLAC	Platelet count	BC	6015	0	6015	European (Dutch + Australian)	1.77965279901058e-29
PLAC_Kanai_29403010_1	1515	2.27945341280161e-263	PC8 (2e-101)	Kanai	2018	29403010	PLAC	Platelet count	BC	108208	0	108208	East Asian (Japanese)	3.90137218729506e-263
PLAC_Sakaue_doi1011012020102320213652_1	1562	3.84185869187805e-190	PC3 (2e-17)	Sakaue	2021	doi1011012020102320213652	PLAC	Platelet count	BC	148623	0	148623	East Asian (Japanese)	6.33195228846568e-190
PLAC_Vuckovic_32888494_1	1661	0	PC3 (0e+00)	Vuckovic	2020	32888494	PLAC	Platelet count	BC	408112	0	408112	European (UK, UKBB)	0
PLAV_Chen_32888493_1	1661	6.33184204963844e-13	PC3 (1e-15)	Chen	2020	32888493	PLAV	Mean platelet volume	BC	4149	0	4149	African	7.36645676363165e-13
PLAV_Chen_32888493_2	1661	0	PC3 (0e+00)	Chen	2020	32888493	PLAV	Mean platelet volume	BC	526437	0	526437	European (Inc. UKBB)	0
PLAV_Chen_32888493_4	1631	4.24282790476579e-12	PC3 (1e-16)	Chen	2020	32888493	PLAV	Mean platelet volume	BC	2810	0	2810	Latin American (Hispanic American / Latinos)	4.84117542979686e-12
PLAV_Chen_32888493_5	1661	0	PC3 (0e+00)	Chen	2020	32888493	PLAV	Mean platelet volume	BC	549468	0	549468	Trans-ethnic (EUR, AFR, EAS, SAS, HA)	0
PLAV_Chen_32888493_6	1661	0	PC3 (0e+00)	Chen	2020	32888493	PLAV	Mean platelet volume	BC	549468	0	549468	Trans-ethnic (EUR, AFR, EAS, SAS, HA)	0
PLAV_Vuckovic_32888494_1	1661	0	PC3 (0e+00)	Vuckovic	2020	32888494	PLAV	Mean platelet volume	BC	408112	0	408112	European (UK, UKBB)	0
PSC_Ji_27992413_1	1661	0.000189444560983969	PC8 (6e-06)	Ji	2017	27992413	PSC	Primary Sclerosing Cholangitis	IMD	19955	4796	24751	European	0.00159764913096481
PSGL1_Folkersen_33067605_1	1661	9.17263312196365e-05	PC8 (5e-06)	Folkersen	2020	33067605	PSGL1	P-selectin glycoprotein ligand 1 (PSGL1) levels	BMK	21758	0	21758	European	0.000495712513399738
PTEX3_Folkersen_33067605_1	1661	1.02648834050353e-07	PC6 (2e-04)	Folkersen	2020	33067605	PTEX3	Pentraxin-related protein PTX3 levels	BMK	21758	0	21758	European	7.14323393117525e-07
RA_Okada_24390342_1	1408	7.10709367284328e-12	PC5 (5e-11)	Okada	2014	24390342	RA	Rheumatoid Arthritis	IMD	43923	14361	58284	European	8.17315772376977e-11
RA_Okada_24390342_3	1357	7.43696756482317e-11	PC5 (3e-09)	Okada	2014	24390342	RA	Rheumatoid Arthritis	IMD	61565	19234	80799	Trans-ethnic (European + Asian)	7.83980330791776e-10
RBCW_Chen_32888493_1	1661	3.00287123317183e-13	PC12 (5e-09)	Chen	2020	32888493	RBCW	Red Blood Cell Distribution Width	BC	6953	0	6953	African	3.51652025989859e-13
RBCW_Chen_32888493_2	1661	0	PC7 (0e+00)	Chen	2020	32888493	RBCW	Red Blood Cell Distribution Width	BC	585405	0	585405	European (Inc. UKBB)	0
RBCW_Chen_32888493_4	1660	2.61017341063235e-48	PC12 (3e-28)	Chen	2020	32888493	RBCW	Red Blood Cell Distribution Width	BC	8526	0	8526	Latin American (Hispanic American / Latinos)	3.65835328419337e-48
RBCW_Chen_32888493_5	1661	0	PC7 (0e+00)	Chen	2020	32888493	RBCW	Red Blood Cell Distribution Width	BC	616956	0	616956	Trans-ethnic (EUR, AFR, EAS, SAS, HA)	0
RBCW_Chen_32888493_6	1661	0	PC7 (1e-147)	Chen	2020	32888493	RBCW	Red Blood Cell Distribution Width	BC	616956	0	616956	Trans-ethnic (EUR, AFR, EAS, SAS, HA)	0
RBCW_Vuckovic_32888494_1	1661	0	PC7 (0e+00)	Vuckovic	2020	32888494	RBCW	Red Blood Cell Distribution Width	BC	408112	0	408112	European (UK, UKBB)	0
RBC_Chen_32888493_1	1661	6.24207113842655e-17	PC1 (8e-09)	Chen	2020	32888493	RBC	Red blood cell count	BC	7634	0	7634	African	7.50735582864815e-17
RBC_Chen_32888493_2	1661	0	PC1 (0e+00)	Chen	2020	32888493	RBC	Red blood cell count	BC	595378	0	595378	European (Inc. UKBB)	0
RBC_Chen_32888493_4	1660	4.26913869483157e-52	PC10 (6e-25)	Chen	2020	32888493	RBC	Red blood cell count	BC	9302	0	9302	Latin American (Hispanic American / Latinos)	6.17810315187008e-52
RBC_Chen_32888493_5	1661	0	PC1 (0e+00)	Chen	2020	32888493	RBC	Red blood cell count	BC	778076	0	778076	Trans-ethnic (EUR, AFR, EAS, SAS, HA)	0
RBC_Chen_32888493_6	1661	0	PC10 (1e-143)	Chen	2020	32888493	RBC	Red blood cell count	BC	778076	0	778076	Trans-ethnic (EUR, AFR, EAS, SAS, HA)	0
RBC_Sakaue_doi1011012020102320213652_1	1562	6.33843731628661e-202	PC1 (2e-31)	Sakaue	2021	doi1011012020102320213652	RBC	Red blood cell count	BC	153512	0	153512	East Asian (Japanese)	1.05443162831684e-201
RBC_Vuckovic_32888494_1	1661	0	PC1 (0e+00)	Vuckovic	2020	32888494	RBC	Red blood cell count	BC	408112	0	408112	European (UK, UKBB)	0
RETC_Vuckovic_32888494_1	1661	0	PC1 (0e+00)	Vuckovic	2020	32888494	RETC	Reticulocyte count	BC	408112	0	408112	European (UK, UKBB)	0
RETFRC_Vuckovic_32888494_1	1661	0	PC1 (0e+00)	Vuckovic	2020	32888494	RETFRC	Reticulocyte fraction of red cells	BC	408112	0	408112	European (UK, UKBB)	0
RETHLC_Vuckovic_32888494_1	1661	0	PC1 (0e+00)	Vuckovic	2020	32888494	RETHLC	High light scatter reticulocyte count	BC	408112	0	408112	European (UK, UKBB)	0
RETHLPRC_Vuckovic_32888494_1	1661	0	PC1 (0e+00)	Vuckovic	2020	32888494	RETHLPRC	High Light Scatter Reticulocyte percentage of red cells	BC	408112	0	408112	European (UK, UKBB)	0
RETIF_Vuckovic_32888494_1	1661	0	PC1 (0e+00)	Vuckovic	2020	32888494	RETIF	Immature fraction of reticulocytes	BC	408112	0	408112	European (UK, UKBB)	0
RETN_Folkersen_33067605_1	1661	2.05764838352066e-13	PC2 (2e-11)	Folkersen	2020	33067605	RETN	Resistin (RETN) levels	BMK	21758	0	21758	European	1.65918314099761e-12
RETV_Vuckovic_32888494_1	1661	0	PC1 (0e+00)	Vuckovic	2020	32888494	RETV	Reticulocyte volume	BC	408112	0	408112	European (UK, UKBB)	0
SCF_Folkersen_33067605_1	1661	0.00216628076955976	PC6 (1e-03)	Folkersen	2020	33067605	SCF	Stem cell factor (SCF) levels	BMK	21758	0	21758	European	0.00946544385814263
SHBG_SinnottArmstrong_33462484_1	1640	1.54194778863915e-59	PC5 (5e-18)	SinnottArmstrong	2021	33462484	SHBG	Sex hormone-binding globulin (SHBG) levels	BMK	329122	0	329122	Trans-ethnic	2.44784211446465e-58
SIRT2_Folkersen_33067605_1	1661	9.89045207747768e-05	PC3 (2e-07)	Folkersen	2020	33067605	SIRT2	NAD-dependent deacetylase sirtuin 2 (SIRT2) levels	BMK	21758	0	21758	European	0.000528878911090386
SRC_Folkersen_33067605_1	1661	2.07716168932275e-05	PC3 (8e-06)	Folkersen	2020	33067605	SRC	Proto-oncogene tyrosine-protein kinase Src levels	BMK	21758	0	21758	European	0.000124140957432466
SSC_LopezIsac_31672989_1	1654	0.00069134978142869	PC1 (3e-04)	LopezIsac	2019	31672989	SSC	Systemic Sclerosis	IMD	18333	9846	28179	European	0.00460293407109102
ST2_Folkersen_33067605_1	1661	1.96689954214488e-07	PC5 (3e-06)	Folkersen	2020	33067605	ST2	ST2 protein (ST2, IL1RL1) levels	BMK	21758	0	21758	European	1.35024995595892e-06
T1D_Chiou_34012112_1	1660	9.21195610357874e-22	PC5 (1e-08)	Chiou	2021	34012112	T1D	Type 1 Diabetes	IMD	501368	18942	520310	European	1.66473206728959e-20
T1D_Cooper_doi101101120022_1	1661	2.11655424319311e-12	PC9 (1e-05)	Cooper	2017	doi101101120022	T1D	Type 1 Diabetes	IMD	8828	5913	14741	European	2.67744111763928e-11
T1D_Inshaw_up_1	1661	2.40162304373436e-12	PC9 (3e-05)	Inshaw	2020	up	T1D	Type 1 Diabetes	IMD	8828	5913	14741	European	2.89338395268949e-11
T2D_Mahajan_30297969_1	1661	1.10619883023586e-19	PC14 (2e-10)	Mahajan	2018	30297969	T2D	Type 2 Diabetes	OTH	824006	74124	898130	European	6.34958128555384e-17
T2D_Scott_28566273_1	1661	3.14193353704871e-06	PC3 (2e-03)	Scott	2017	28566273	T2D	Type 2 Diabetes	OTH	132532	26676	159208	European	0.000240462646702128
T2D_Xue_30054458_1	1489	9.50158177436821e-14	PC14 (3e-05)	Xue	2018	30054458	T2D	Type 2 Diabetes	OTH	596424	62832	659256	European	2.18156317539494e-11
TES_SinnottArmstrong_33462484_1	1640	2.85248182207489e-20	PC10 (3e-07)	SinnottArmstrong	2021	33462484	TES	Testosterone levels	BMK	329274	0	329274	Trans-ethnic	2.45603519595601e-19
TG_Sakaue_doi1011012020102320213652_1	1562	9.15871198382093e-12	PC14 (1e-04)	Sakaue	2021	doi1011012020102320213652	TG	Triglycerides levels	BMK	111667	0	111667	East Asian (Japanese)	7.15788567350928e-11
TG_SinnottArmstrong_33462484_1	1640	7.05650370523009e-258	PC8 (7e-77)	SinnottArmstrong	2021	33462484	TG	Triglycerides levels	BMK	362907	0	362907	Trans-ethnic	5.97450647042814e-256
TIE2_Folkersen_33067605_1	1661	8.02267479972032e-07	PC14 (1e-05)	Folkersen	2020	33067605	TIE2	Angiopoietin-1 receptor levels	BMK	21758	0	21758	European	5.3625247345499e-06
TNFSF14_Folkersen_33067605_1	1661	3.04908480068256e-08	PC8 (8e-10)	Folkersen	2020	33067605	TNFSF14	Tumor necrosis factor superfamily member 14 (TNFSF14, CD258, LIGHT) levels	BMK	21758	0	21758	European	2.1815987024602e-07
TPROT_SinnottArmstrong_33462484_1	1640	7.02445396316145e-98	PC8 (5e-55)	SinnottArmstrong	2021	33462484	TPROT	Total protein levels	BMK	331979	0	331979	Trans-ethnic	2.09907212546236e-96
TRAIL_AholaOlli_27989323_1	1660	0.00211242914429087	PC14 (5e-03)	AholaOlli	2017	27989323	TRAIL	TNF-related apoptosis inducing ligand (TRAIL) levels	BMK	8186	0	8186	European (Finnish)	0.00933142613304141
UA_SinnottArmstrong_33462484_1	1640	5.34588892687523e-70	PC8 (7e-36)	SinnottArmstrong	2021	33462484	UA	Uric acids levels	BMK	362754	0	362754	Trans-ethnic	1.04450445186639e-68
UC_DeLange_28067908_1	1661	4.72641165880046e-06	PC2 (6e-04)	DeLange	2017	28067908	UC	Ulcerative Colitis	IMD	33609	12366	45975	European	4.27065053455899e-05
UREA_SinnottArmstrong_33462484_1	1640	1.17603135105566e-46	PC10 (9e-43)	SinnottArmstrong	2021	33462484	UREA	Serum urea	BMK	362973	0	362973	Trans-ethnic	1.57216822720072e-45
VEGF_AholaOlli_27989323_1	1661	3.98132053639005e-05	PC8 (2e-04)	AholaOlli	2017	27989323	VEGF	Vascular endothelial growth factor (VEGF) levels	BMK	7118	0	7118	European (Finnish)	0.00022225393763584
VITD_Manousaki_28757204_1	1659	5.85476659847402e-06	PC2 (5e-06)	Manousaki	2017	28757204	VITD	Vitamin D levels	BMK	42274	0	42274	European	3.717776790031e-05
VITD_SinnottArmstrong_33462484_1	1640	5.66850900120766e-39	PC7 (5e-15)	SinnottArmstrong	2021	33462484	VITD	Vitamin D levels	BMK	346130	0	346130	Trans-ethnic	6.85619660146069e-38
VIT_Jin_27723757_1	1660	4.27537036871831e-11	PC5 (9e-07)	Jin	2016	27723757	VIT	Vitiligo	IMD	39586	4680	44266	European	4.70290740559014e-10
b30600_PanUKBB_PanUKBBR2_1	1661	6.99821369931414e-73	PC5 (1e-19)	PanUKBB	2022	PanUKBBR2	b30600	Albumin levels (UKBB)	BMK	385205	0	385205	Trans-ethnic (CSA,EUR)	1.48128856635483e-71
b30610_PanUKBB_PanUKBBR2_1	1661	4.35248971942111e-105	PC8 (2e-72)	PanUKBB	2022	PanUKBBR2	b30610	Alkaline phosphatase levels (UKBB)	BMK	420633	0	420633	Trans-ethnic (CSA,EUR)	1.47404318497728e-103
b30620_PanUKBB_PanUKBBR2_1	1661	3.57946571300848e-67	PC10 (1e-17)	PanUKBB	2022	PanUKBBR2	b30620	Alanine aminotransferase levels (UKBB)	BMK	420449	0	420449	Trans-ethnic (AFR,CSA,EUR,MID)	6.73469845262336e-66
b30630_PanUKBB_PanUKBBR2_1	1661	4.71209285745861e-34	PC14 (8e-13)	PanUKBB	2022	PanUKBBR2	b30630	Apolipoprotein A levels (UKBB)	BMK	382929	0	382929	Trans-ethnic (CSA,EUR,MID)	4.98696494081036e-33
b30640_PanUKBB_PanUKBBR2_1	1661	3.31116634241047e-40	PC1 (5e-18)	PanUKBB	2022	PanUKBBR2	b30640	Apolipoprotein B levels (UKBB)	BMK	418505	0	418505	Trans-ethnic (CSA,EUR,MID)	4.10261585840127e-39
b30650_PanUKBB_PanUKBBR2_1	1661	2.43884176272334e-34	PC13 (3e-15)	PanUKBB	2022	PanUKBBR2	b30650	Aspartate aminotransferase levels (UKBB)	BMK	419034	0	419034	Trans-ethnic (CSA,EUR,MID)	2.63602471375204e-33
b30660_PanUKBB_PanUKBBR2_1	1661	1.49989391627798e-209	PC7 (3e-109)	PanUKBB	2022	PanUKBBR2	b30660	Direct bilirubin levels (UKBB)	BMK	357198	0	357198	Trans-ethnic (AFR,AMR,CSA,EAS,EUR,MID)	1.08849444209888e-207
b30670_PanUKBB_PanUKBBR2_1	1661	8.96847547266297e-61	PC10 (1e-56)	PanUKBB	2022	PanUKBBR2	b30670	Urea levels (UKBB)	BMK	420326	0	420326	Trans-ethnic (AFR,AMR,CSA,EAS,EUR,MID)	1.46967275487509e-59
b30680_PanUKBB_PanUKBBR2_1	1661	2.93951025158382e-131	PC8 (4e-52)	PanUKBB	2022	PanUKBBR2	b30680	Calcium levels (UKBB)	BMK	385066	0	385066	Trans-ethnic (CSA,EUR)	1.35751927982235e-129
b30690_PanUKBB_PanUKBBR2_1	1661	1.46627765155242e-40	PC1 (1e-11)	PanUKBB	2022	PanUKBBR2	b30690	Cholesterol levels (UKBB)	BMK	420607	0	420607	Trans-ethnic (CSA,EUR)	1.86217261747157e-39
b30700_PanUKBB_PanUKBBR2_1	1661	1.55039991295184e-34	PC8 (1e-21)	PanUKBB	2022	PanUKBBR2	b30700	Creatinine levels (UKBB)	BMK	420401	0	420401	Trans-ethnic (CSA,EUR,MID)	1.71218077343377e-33
b30710_PanUKBB_PanUKBBR2_1	1661	4.49731054856044e-138	PC2 (7e-91)	PanUKBB	2022	PanUKBBR2	b30710	C-reactive protein levels (UKBB)	BMK	419693	0	419693	Trans-ethnic (CSA,EUR)	2.2846337586687e-136
b30720_PanUKBB_PanUKBBR2_1	1661	5.65727887195288e-64	PC8 (2e-33)	PanUKBB	2022	PanUKBBR2	b30720	Cystatin C levels (UKBB)	BMK	420588	0	420588	Trans-ethnic (CSA,EUR)	1.02639202391145e-62
b30730_PanUKBB_PanUKBBR2_1	1661	6.62568110545191e-79	PC8 (5e-33)	PanUKBB	2022	PanUKBBR2	b30730	Gamma glutamyltransferase levels (UKBB)	BMK	420390	0	420390	Trans-ethnic (CSA,EUR,MID)	1.60278381027122e-77
b30740_PanUKBB_PanUKBBR2_1	1661	9.00679462264196e-36	PC8 (2e-15)	PanUKBB	2022	PanUKBBR2	b30740	Glucose levels (UKBB)	BMK	384760	0	384760	Trans-ethnic (CSA,EUR)	1.01676703740047e-34
b30750_PanUKBB_PanUKBBR2_1	1661	0	PC4 (0e+00)	PanUKBB	2022	PanUKBBR2	b30750	Glycated haemoglobin (HbA1c) levels (UKBB)	BMK	419434	0	419434	Trans-ethnic (CSA,EUR)	0
b30760_PanUKBB_PanUKBBR2_1	1661	3.06678419798222e-104	PC8 (6e-34)	PanUKBB	2022	PanUKBBR2	b30760	HDL cholesterol levels (UKBB)	BMK	385023	0	385023	Trans-ethnic (CSA,EUR)	9.73703982859355e-103
b30770_PanUKBB_PanUKBBR2_1	1661	5.76963891896449e-41	PC8 (3e-22)	PanUKBB	2022	PanUKBBR2	b30770	Insulin-like growth factor 1 (IGF-1) levels (UKBB)	BMK	418326	0	418326	Trans-ethnic (CSA,EUR)	7.5153245405999e-40
b30780_PanUKBB_PanUKBBR2_1	1661	2.08290507883807e-26	PC1 (2e-11)	PanUKBB	2022	PanUKBBR2	b30780	LDL direct (UKBB)	BMK	419831	0	419831	Trans-ethnic (CSA,EUR)	1.95947366675878e-25
b30810_PanUKBB_PanUKBBR2_1	1661	3.64864076923505e-75	PC8 (2e-48)	PanUKBB	2022	PanUKBBR2	b30810	Phosphate levels (UKBB)	BMK	384475	0	384475	Trans-ethnic (CSA,EUR)	8.05873700335394e-74
b30830_PanUKBB_PanUKBBR2_1	1661	8.8029922932991e-82	PC5 (1e-20)	PanUKBB	2022	PanUKBBR2	b30830	Sex hormone-binding globulin (SHBG) levels (UKBB)	BMK	381526	0	381526	Trans-ethnic (CSA,EUR,MID)	2.23596004249797e-80
b30840_PanUKBB_PanUKBBR2_1	1661	0	PC7 (2e-248)	PanUKBB	2022	PanUKBBR2	b30840	Total bilirubin levels (UKBB)	BMK	418830	0	418830	Trans-ethnic (AFR,AMR,CSA,EAS,EUR,MID)	0
b30850_PanUKBB_PanUKBBR2_1	1661	1.00372220212547e-24	PC10 (4e-10)	PanUKBB	2022	PanUKBBR2	b30850	Testosterone levels (UKBB)	BMK	381081	0	381081	Trans-ethnic (AFR,AMR,CSA,EAS,EUR,MID)	9.10519426213819e-24
b30860_PanUKBB_PanUKBBR2_1	1661	1.78955490143499e-119	PC8 (2e-64)	PanUKBB	2022	PanUKBBR2	b30860	Total protein levels (UKBB)	BMK	384773	0	384773	Trans-ethnic (CSA,EUR,MID)	7.57578241607479e-118
b30870_PanUKBB_PanUKBBR2_1	1661	0	PC8 (7e-93)	PanUKBB	2022	PanUKBBR2	b30870	Triglycerides levels (UKBB)	BMK	420271	0	420271	Trans-ethnic (AFR,CSA,EUR)	0
b30880_PanUKBB_PanUKBBR2_1	1661	4.0820789606539e-94	PC8 (2e-44)	PanUKBB	2022	PanUKBBR2	b30880	Urate (UKBB)	BMK	420090	0	420090	Trans-ethnic (CSA,EUR,MID)	1.15205339556232e-92
b30890_PanUKBB_PanUKBBR2_1	1661	2.02746720226597e-37	PC2 (4e-17)	PanUKBB	2022	PanUKBBR2	b30890	Vitamin D (UKBB)	BMK	401516	0	401516	Trans-ethnic (AFR,CSA,EUR,MID)	2.39524032267701e-36
bNGF_Hoglund_31727947_1	1660	0.00163874538639479	PC10 (6e-03)	Hoglund	2020	31727947	bNGF	Beta nerve growth factor (bNGF) levels	BMK	822	0	822	European (Swedish)	0.00743288085971923
c30000_PanUKBB_PanUKBBR2_1	1661	0	PC2 (0e+00)	PanUKBB	2022	PanUKBBR2	c30000	White blood cell (leukocyte) count (UKBB)	BC	427933	0	427933	Trans-ethnic (CSA,EUR)	0
c30010_PanUKBB_PanUKBBR2_1	1661	0	PC1 (0e+00)	PanUKBB	2022	PanUKBBR2	c30010	Red blood cell (erythrocyte) count (UKBB)	BC	427938	0	427938	Trans-ethnic (AFR,CSA,EUR,MID)	0
c30020_PanUKBB_PanUKBBR2_1	1661	0	PC7 (0e+00)	PanUKBB	2022	PanUKBBR2	c30020	Haemoglobin concentration (UKBB)	BC	427937	0	427937	Trans-ethnic (CSA,EUR)	0
c30030_PanUKBB_PanUKBBR2_1	1661	0	PC7 (0e+00)	PanUKBB	2022	PanUKBBR2	c30030	Haematocrit percentage (UKBB)	BC	427938	0	427938	Trans-ethnic (CSA,EUR)	0
c30040_PanUKBB_PanUKBBR2_1	1661	0	PC1 (0e+00)	PanUKBB	2022	PanUKBBR2	c30040	Mean corpuscular volume (UKBB)	BC	427936	0	427936	Trans-ethnic (CSA,EUR)	0
c30050_PanUKBB_PanUKBBR2_1	1661	0	PC1 (0e+00)	PanUKBB	2022	PanUKBBR2	c30050	Mean corpuscular haemoglobin (UKBB)	BC	427935	0	427935	Trans-ethnic (CSA,EUR)	0
c30060_PanUKBB_PanUKBBR2_1	1661	0	PC7 (0e+00)	PanUKBB	2022	PanUKBBR2	c30060	Mean corpuscular haemoglobin concentration (UKBB)	BC	427943	0	427943	Trans-ethnic (CSA,EUR)	0
c30070_PanUKBB_PanUKBBR2_1	1661	0	PC7 (0e+00)	PanUKBB	2022	PanUKBBR2	c30070	Red blood cell (erythrocyte) distribution width (UKBB)	BC	427936	0	427936	Trans-ethnic (CSA,EUR,MID)	0
c30080_PanUKBB_PanUKBBR2_1	1661	0	PC3 (0e+00)	PanUKBB	2022	PanUKBBR2	c30080	Platelet count (UKBB)	BC	427935	0	427935	Trans-ethnic (AFR,CSA,EUR)	0
c30090_PanUKBB_PanUKBBR2_1	1661	0	PC5 (0e+00)	PanUKBB	2022	PanUKBBR2	c30090	Platelet crit (UKBB)	BC	427931	0	427931	Trans-ethnic (CSA,EUR)	0
c30100_PanUKBB_PanUKBBR2_1	1661	0	PC3 (0e+00)	PanUKBB	2022	PanUKBBR2	c30100	Mean platelet (thrombocyte) volume (UKBB)	BC	427930	0	427930	Trans-ethnic (AFR,CSA,EUR)	0
c30110_PanUKBB_PanUKBBR2_1	1661	0	PC3 (0e+00)	PanUKBB	2022	PanUKBBR2	c30110	Platelet distribution width (UKBB)	BC	427930	0	427930	Trans-ethnic (CSA,EUR)	0
c30120_PanUKBB_PanUKBBR2_1	1661	0	PC8 (0e+00)	PanUKBB	2022	PanUKBBR2	c30120	Lymphocyte count (UKBB)	BC	427154	0	427154	Trans-ethnic (CSA,EUR,MID)	0
c30130_PanUKBB_PanUKBBR2_1	1661	0	PC6 (0e+00)	PanUKBB	2022	PanUKBBR2	c30130	Monocyte count (UKBB)	BC	427154	0	427154	Trans-ethnic (CSA,EUR)	0
c30140_PanUKBB_PanUKBBR2_1	1661	0	PC2 (0e+00)	PanUKBB	2022	PanUKBBR2	c30140	Neutrophil count (UKBB)	BC	427154	0	427154	Trans-ethnic (CSA,EUR)	0
c30150_PanUKBB_PanUKBBR2_1	1661	0	PC5 (0e+00)	PanUKBB	2022	PanUKBBR2	c30150	Eosinophil count (UKBB)	BC	427154	0	427154	Trans-ethnic (CSA,EUR)	0
c30160_PanUKBB_PanUKBBR2_1	1661	0	PC11 (5e-149)	PanUKBB	2022	PanUKBBR2	c30160	Basophil count (UKBB)	BC	426217	0	426217	Trans-ethnic (AFR,CSA,EAS,EUR,MID)	0
c30180_PanUKBB_PanUKBBR2_1	1661	0	PC2 (0e+00)	PanUKBB	2022	PanUKBBR2	c30180	Lymphocyte percentage (UKBB)	BC	427171	0	427171	Trans-ethnic (CSA,EUR,MID)	0
c30190_PanUKBB_PanUKBBR2_1	1661	0	PC2 (0e+00)	PanUKBB	2022	PanUKBBR2	c30190	Monocyte percentage (UKBB)	BC	427159	0	427159	Trans-ethnic (CSA,EUR,MID)	0
c30200_PanUKBB_PanUKBBR2_1	1661	0	PC2 (0e+00)	PanUKBB	2022	PanUKBBR2	c30200	Neutrophil percentage (UKBB)	BC	427171	0	427171	Trans-ethnic (CSA,EUR,MID)	0
c30210_PanUKBB_PanUKBBR2_1	1661	0	PC5 (0e+00)	PanUKBB	2022	PanUKBBR2	c30210	Eosinophil percentage (UKBB)	BC	427159	0	427159	Trans-ethnic (CSA,EUR)	0
c30220_PanUKBB_PanUKBBR2_1	1661	0	PC11 (0e+00)	PanUKBB	2022	PanUKBBR2	c30220	Basophil percentage (UKBB)	BC	427171	0	427171	Trans-ethnic (AFR,AMR,CSA,EAS,EUR,MID)	0
c30240_PanUKBB_PanUKBBR2_1	1661	0	PC1 (0e+00)	PanUKBB	2022	PanUKBBR2	c30240	Reticulocyte percentage (UKBB)	BC	420793	0	420793	Trans-ethnic (CSA,EUR)	0
c30250_PanUKBB_PanUKBBR2_1	1661	0	PC1 (0e+00)	PanUKBB	2022	PanUKBBR2	c30250	Reticulocyte count (UKBB)	BC	420794	0	420794	Trans-ethnic (AFR,CSA,EAS,EUR)	0
c30260_PanUKBB_PanUKBBR2_1	1661	0	PC1 (0e+00)	PanUKBB	2022	PanUKBBR2	c30260	Mean reticulocyte volume (UKBB)	BC	420792	0	420792	Trans-ethnic (CSA,EUR)	0
c30270_PanUKBB_PanUKBBR2_1	1661	0	PC1 (0e+00)	PanUKBB	2022	PanUKBBR2	c30270	Mean sphered cell volume (UKBB)	BC	420794	0	420794	Trans-ethnic (AFR,CSA,EUR)	0
c30280_PanUKBB_PanUKBBR2_1	1661	0	PC1 (0e+00)	PanUKBB	2022	PanUKBBR2	c30280	Immature reticulocyte fraction (UKBB)	BC	420792	0	420792	Trans-ethnic (CSA,EUR)	0
c30290_PanUKBB_PanUKBBR2_1	1661	0	PC1 (0e+00)	PanUKBB	2022	PanUKBBR2	c30290	High light scatter reticulocyte percentage (UKBB)	BC	419868	0	419868	Trans-ethnic (AFR,CSA,EUR)	0
c30300_PanUKBB_PanUKBBR2_1	1661	0	PC1 (0e+00)	PanUKBB	2022	PanUKBBR2	c30300	High light scatter reticulocyte count (UKBB)	BC	419868	0	419868	Trans-ethnic (AFR,CSA,EUR)	0
c30500_PanUKBB_PanUKBBR2_1	1661	0.00156322402991226	PC10 (8e-03)	PanUKBB	2022	PanUKBBR2	c30500	Microalbumin in urine levels (UKBB)	BMK	134651	0	134651	Trans-ethnic (AFR,AMR,CSA,EAS,EUR,MID)	0.00715421447923809
c30510_PanUKBB_PanUKBBR2_1	1661	0.00218003332953285	PC8 (1e-03)	PanUKBB	2022	PanUKBBR2	c30510	Creatinine (enzymatic) in urine levels (UKBB)	BMK	428416	0	428416	Trans-ethnic (CSA,EUR)	0.00946544385814263
c30520_PanUKBB_PanUKBBR2_1	1661	3.95726313954324e-05	PC12 (7e-04)	PanUKBB	2022	PanUKBBR2	c30520	Potassium in urine levels (UKBB)	BMK	427508	0	427508	Trans-ethnic (CSA,EUR,MID)	0.00022225393763584
ph200.1_PanUKBB_PanUKBBR2_1	1661	5.89336733367769e-05	PC8 (7e-06)	PanUKBB	2022	PanUKBBR2	ph200.1	Polycythemia vera (UKBB)	CAN	410687	448	411135	European (EUR)	0.00327081887019112
ph200_PanUKBB_PanUKBBR2_1	1661	2.00300981787558e-07	PC8 (3e-10)	PanUKBB	2022	PanUKBBR2	ph200	Myeloproliferative disease (UKBB)	CAN	414840	1255	416095	European (EUR)	2.22334089784189e-05
ph244.4_PanUKBB_PanUKBBR2_1	1661	2.56983608447332e-19	PC6 (3e-08)	PanUKBB	2022	PanUKBBR2	ph244.4	Hypothyroidism NOS (UKBB)	OTH	416311	18244	434555	Trans-ethnic (AFR,CSA,EAS,EUR)	9.83390608325124e-17
ph244_PanUKBB_PanUKBBR2_1	1661	9.11862266074615e-20	PC6 (3e-08)	PanUKBB	2022	PanUKBBR2	ph244	Hypothyroidism (UKBB)	IMD	416311	19131	435442	Trans-ethnic (AFR,CSA,EAS,EUR)	1.53800768877918e-18
ph250.2_PanUKBB_PanUKBBR2_1	1661	2.95082031313173e-05	PC9 (1e-03)	PanUKBB	2022	PanUKBBR2	ph250.2	Type 2 diabetes (UKBB)	OTH	413134	25550	438684	Trans-ethnic (CSA,EUR)	0.00178291669446065
ph250_PanUKBB_PanUKBBR2_1	1661	0.000259846303889979	PC9 (2e-03)	PanUKBB	2022	PanUKBBR2	ph250	Diabetes mellitus (UKBB)	IMD	413134	27215	440349	Trans-ethnic (CSA,EUR)	0.00199215499648984
ph272.11_PanUKBB_PanUKBBR2_1	1661	2.58879067132499e-10	PC10 (2e-05)	PanUKBB	2022	PanUKBBR2	ph272.11	Hypercholesterolemia (UKBB)	OTH	394138	43741	437879	Trans-ethnic (CSA,EUR)	3.71491461335136e-08
ph272.1_PanUKBB_PanUKBBR2_1	1661	1.53370746693633e-09	PC10 (6e-05)	PanUKBB	2022	PanUKBBR2	ph272.1	Hyperlipidemia (UKBB)	OTH	394138	47056	441194	Trans-ethnic (CSA,EUR)	1.60063288367537e-07
ph272_PanUKBB_PanUKBBR2_1	1661	1.1159067234851e-09	PC10 (5e-05)	PanUKBB	2022	PanUKBBR2	ph272	Disorders of lipoid metabolism (UKBB)	OTH	394138	47193	441331	Trans-ethnic (CSA,EUR)	1.28106091856089e-07
ph280.1_PanUKBB_PanUKBBR2_1	1661	1.90786093782535e-11	PC7 (1e-12)	PanUKBB	2022	PanUKBBR2	ph280.1	Iron deficiency anemias, unspecified or not due to blood loss (UKBB)	OTH	411427	11427	422854	Trans-ethnic (AFR,CSA,EUR,MID)	3.1289111071116e-09
ph280_PanUKBB_PanUKBBR2_1	1661	1.90787262628756e-11	PC7 (1e-12)	PanUKBB	2022	PanUKBBR2	ph280	Iron deficiency anemias (UKBB)	OTH	411427	11427	422854	Trans-ethnic (AFR,CSA,EUR,MID)	3.1289111071116e-09
ph285_PanUKBB_PanUKBBR2_1	1661	3.48485017731555e-10	PC7 (6e-09)	PanUKBB	2022	PanUKBBR2	ph285	Other anemias (UKBB)	OTH	414010	16575	430585	Trans-ethnic (AFR,CSA,EAS,EUR,MID)	4.44512000395361e-08
ph287.3_PanUKBB_PanUKBBR2_1	1661	3.4574140941344e-06	PC5 (2e-04)	PanUKBB	2022	PanUKBBR2	ph287.3	Thrombocytopenia (UKBB)	OTH	425760	2125	427885	Trans-ethnic (CSA,EUR)	0.000248069461254143
ph287_PanUKBB_PanUKBBR2_1	1661	0.000135913863999786	PC9 (4e-04)	PanUKBB	2022	PanUKBBR2	ph287	Purpura and other hemorrhagic conditions (UKBB)	OTH	425760	2299	428059	Trans-ethnic (CSA,EUR)	0.00742995789865497
ph401.1_PanUKBB_PanUKBBR2_1	1661	5.43115750451148e-08	PC8 (9e-10)	PanUKBB	2022	PanUKBBR2	ph401.1	Essential hypertension (UKBB)	OTH	340580	99705	440285	Trans-ethnic (CSA,EUR)	4.79612985783014e-06
ph401_PanUKBB_PanUKBBR2_1	1661	6.64776803348058e-08	PC8 (1e-09)	PanUKBB	2022	PanUKBBR2	ph401	Hypertension (UKBB)	OTH	340580	99977	440557	Trans-ethnic (CSA,EUR)	5.45116978745408e-06
ph471_PanUKBB_PanUKBBR2_1	1661	1.82070317597661e-38	PC5 (3e-37)	PanUKBB	2022	PanUKBBR2	ph471	Nasal polyps (UKBB)	IMD	407149	3726	410875	Trans-ethnic (CSA,EUR)	5.75797379402603e-37
ph475_PanUKBB_PanUKBBR2_1	1661	3.37038405977703e-06	PC5 (2e-06)	PanUKBB	2022	PanUKBBR2	ph475	Chronic sinusitis (UKBB)	INF	407149	3090	410239	Trans-ethnic (CSA,EUR)	0.00071452142067273
ph495_PanUKBB_PanUKBBR2_1	1661	3.97917496023558e-85	PC5 (2e-79)	PanUKBB	2022	PanUKBBR2	ph495	Asthma (UKBB)	IMD	398413	33000	431413	Trans-ethnic (CSA,EUR,MID)	2.516828162349e-83
ph496_PanUKBB_PanUKBBR2_1	1661	3.85749254535226e-06	PC5 (2e-06)	PanUKBB	2022	PanUKBBR2	ph496	Chronic airway obstruction (UKBB)	OTH	385655	14422	400077	Trans-ethnic (AFR,EUR)	0.000260494202474376
ph555_PanUKBB_PanUKBBR2_1	1661	0.000250221325766764	PC11 (3e-04)	PanUKBB	2022	PanUKBBR2	ph555	Inflammatory bowel disease and other gastroenteritis and colitis (UKBB)	IMD	337505	5330	342835	Trans-ethnic (CSA,EUR)	0.00199215499648984
ph714.1_PanUKBB_PanUKBBR2_1	1661	0.000807946838356246	PC1 (8e-03)	PanUKBB	2022	PanUKBBR2	ph714.1	Rheumatoid arthritis (UKBB)	IMD	384993	5805	390798	Trans-ethnic (CSA,EUR)	0.00511026375260326
ph714_PanUKBB_PanUKBBR2_1	1661	0.000566224509045365	PC1 (2e-03)	PanUKBB	2022	PanUKBBR2	ph714	Rheumatoid arthritis and other inflammatory polyarthropathies (UKBB)	IMD	384993	6504	391497	Trans-ethnic (AFR,CSA,EUR)	0.00387175137266155
ph836_PanUKBB_PanUKBBR2_1	1661	7.96530990004205e-06	PC14 (5e-07)	PanUKBB	2022	PanUKBBR2	ph836	Traumatic arthropathy (UKBB)	OTH	397432	637	398069	European (EUR)	0.000508009764736015
